{
  "main": {
    "id": "b53ca11adc244aa3",
    "type": "split",
    "children": [
      {
        "id": "42ed5d11b794cc9c",
        "type": "tabs",
        "children": [
          {
            "id": "2e4c7452e646e930",
            "type": "leaf",
            "state": {
              "type": "empty",
              "state": {}
            }
          },
          {
            "id": "30ecf1b6801dab84",
            "type": "leaf",
            "state": {
              "type": "empty",
              "state": {}
            }
          },
          {
            "id": "048aa966b4ae8873",
            "type": "leaf",
            "state": {
              "type": "empty",
              "state": {}
            }
          },
          {
            "id": "dc6fe1cb94e3d370",
            "type": "leaf",
            "state": {
              "type": "markdown",
              "state": {
                "file": "Algorithm Design Manual Notes/Chapter 1.md",
                "mode": "source",
                "source": false
              }
            }
          },
          {
            "id": "446b2bff06cd81e0",
            "type": "leaf",
            "state": {
              "type": "markdown",
              "state": {
                "file": "Algorithm Design Manual Notes/Chapter 1.md",
                "mode": "source",
                "source": false
              }
            }
          },
          {
            "id": "47ecae300c8d56d8",
            "type": "leaf",
            "state": {
              "type": "markdown",
              "state": {
                "file": "Algorithm Design Manual Notes/Insertion Sort.md",
                "mode": "source",
                "source": false
              }
            }
          },
          {
            "id": "5161308bc52701af",
            "type": "leaf",
            "state": {
              "type": "empty",
              "state": {}
            }
          }
        ],
        "currentTab": 5
      }
    ],
    "direction": "vertical"
  },
  "left": {
    "id": "4c14dd2f9aff8c03",
    "type": "split",
    "children": [
      {
        "id": "e66d2d8fdc413f6b",
        "type": "tabs",
        "children": [
          {
            "id": "502a0de8bf0a3a8a",
            "type": "leaf",
            "state": {
              "type": "file-explorer",
              "state": {
                "sortOrder": "byCreatedTimeReverse"
              }
            }
          },
          {
            "id": "456a502b81689a2d",
            "type": "leaf",
            "state": {
              "type": "search",
              "state": {
                "query": "",
                "matchingCase": false,
                "explainSearch": false,
                "collapseAll": false,
                "extraContext": false,
                "sortOrder": "alphabetical"
              }
            }
          },
          {
            "id": "80a1d8f011d3f197",
            "type": "leaf",
            "state": {
              "type": "bookmarks",
              "state": {}
            }
          }
        ]
      }
    ],
    "direction": "horizontal",
    "width": 300
  },
  "right": {
    "id": "b12a3ee9598b4356",
    "type": "split",
    "children": [
      {
        "id": "478f4c8c7340602b",
        "type": "tabs",
        "children": [
          {
            "id": "e7f5053ebf01e8df",
            "type": "leaf",
            "state": {
              "type": "backlink",
              "state": {
                "file": "Algorithm Design Manual Notes/Insertion Sort.md",
                "collapseAll": false,
                "extraContext": false,
                "sortOrder": "alphabetical",
                "showSearch": false,
                "searchQuery": "",
                "backlinkCollapsed": false,
                "unlinkedCollapsed": true
              }
            }
          },
          {
            "id": "792611897f19687f",
            "type": "leaf",
            "state": {
              "type": "outgoing-link",
              "state": {
                "file": "Algorithm Design Manual Notes/Insertion Sort.md",
                "linksCollapsed": false,
                "unlinkedCollapsed": true
              }
            }
          },
          {
            "id": "34843dc81a84963a",
            "type": "leaf",
            "state": {
              "type": "tag",
              "state": {
                "sortOrder": "frequency",
                "useHierarchy": true
              }
            }
          },
          {
            "id": "6bc33a8db7948d99",
            "type": "leaf",
            "state": {
              "type": "outline",
              "state": {
                "file": "Algorithm Design Manual Notes/Insertion Sort.md"
              }
            }
          },
          {
            "id": "ed5ff1c2af0dc578",
            "type": "leaf",
            "state": {
              "type": "advanced-tables-toolbar",
              "state": {}
            }
          }
        ],
        "currentTab": 3
      }
    ],
    "direction": "horizontal",
    "width": 300,
    "collapsed": true
  },
  "left-ribbon": {
    "hiddenItems": {
      "switcher:Open quick switcher": false,
      "graph:Open graph view": false,
      "canvas:Create new canvas": false,
      "daily-notes:Open today's daily note": false,
      "templates:Insert template": false,
      "command-palette:Open command palette": false,
      "table-editor-obsidian:Advanced Tables Toolbar": false
    }
  },
  "active": "47ecae300c8d56d8",
  "lastOpenFiles": [
    "Algorithm Design Manual Notes/Chapter 1.md",
    "Algorithm Design Manual Notes/Insertion Sort.md",
    "Untitled 1.md",
    "Algorithm Design Manual Notes",
    "Basic Logic Gates/And.md",
    "Basic Arithmetic/HalfAdder.md",
    "Basic Arithmetic/Inc16.md",
    "Basic Arithmetic/ALU.md",
    "Basic Arithmetic/FullAdder.md",
    "Basic Logic Gates/Xor.md",
    "Basic Logic Gates/DMux.md",
    "Basic Logic Gates/Mux.md",
    "Basic Logic Gates.md",
    "Basic Arithmetic.md",
    "Pasted image 20230728134613.png",
    "Basic Logic Gates/Or.md",
    "Basic Logic Gates/Not.md",
    "Add16.md",
    "Inc16.tst",
    "Inc16.hdl",
    "HalfAdder.tst",
    "HalfAdder.hdl",
    "FullAdder.tst",
    "FullAdder.hdl",
    "And16Way.tst",
    "ALU-nostat.tst",
    "ALU.tst",
    "Computer Systems.md",
    "Untitled.canvas",
    "And16.md"
  ]
}